filename,sampleid,type,subtype,summit,peak,tech,parent_folder
100534_S15,100534,PDX,TNBC,100534_S15_summits.bed,100534_S15_peaks.filtered.merged.narrowPeak,komal,PDX_komal_peaks
108045_S26,108045,PDX,TNBC,108045_S26_summits.bed,108045_S26_peaks.filtered.merged.narrowPeak,komal,PDX_komal_peaks
178200_S14,178200,PDX,unknown,178200_S14_summits.bed,178200_S14_peaks.filtered.merged.narrowPeak,komal,PDX_komal_peaks
18674_S49,18674 (komal),PDX,TNBC,18674_S49_summits.bed,18674_S49_peaks.filtered.merged.narrowPeak,komal,PDX_komal_peaks
20710_S37,20710,PDX,ER,20710_S37_summits.bed,20710_S37_peaks.filtered.merged.narrowPeak,komal,PDX_komal_peaks
21046_S33,21046,PDX,ER,21046_S33_summits.bed,21046_S33_peaks.filtered.merged.narrowPeak,komal,PDX_komal_peaks
23223_S42,23223,PDX,TNBC,23223_S42_summits.bed,23223_S42_peaks.filtered.merged.narrowPeak,komal,PDX_komal_peaks
28077_S45,28077,PDX,TNBC,28077_S45_summits.bed,28077_S45_peaks.filtered.merged.narrowPeak,komal,PDX_komal_peaks
44441_S27,44441 (komal),PDX,TPBC,44441_S27_summits.bed,44441_S27_peaks.filtered.merged.narrowPeak,komal,PDX_komal_peaks
46962_S17,46962 (komal),PDX,HER2,46962_S17_summits.bed,46962_S17_peaks.filtered.merged.narrowPeak,komal,PDX_komal_peaks
47904_S44,47904 (komal),PDX,TNBC,47904_S44_summits.bed,47904_S44_peaks.filtered.merged.narrowPeak,komal,PDX_komal_peaks
48342_S30,48342 (komal),PDX,TNBC,48342_S30_summits.bed,48342_S30_peaks.filtered.merged.narrowPeak,komal,PDX_komal_peaks
53782_S38,53782 (komal),PDX,TNBC,53782_S38_summits.bed,53782_S38_peaks.filtered.merged.narrowPeak,komal,PDX_komal_peaks
66684_S46,66684 (komal),PDX,ER,66684_S46_summits.bed,66684_S46_peaks.filtered.merged.narrowPeak,komal,PDX_komal_peaks
67725_S48,67725,PDX,ER,67725_S48_summits.bed,67725_S48_peaks.filtered.merged.narrowPeak,komal,PDX_komal_peaks
67990_S20,67990,PDX,TNBC,67990_S20_summits.bed,67990_S20_peaks.filtered.merged.narrowPeak,komal,PDX_komal_peaks
68941_S51,68941 (komal),PDX,TNBC,68941_S51_summits.bed,68941_S51_peaks.filtered.merged.narrowPeak,komal,PDX_komal_peaks
69196_S34,69196 (komal),PDX,HER2,69196_S34_summits.bed,69196_S34_peaks.filtered.merged.narrowPeak,komal,PDX_komal_peaks
69693_S47,69693,PDX,TNBC,69693_S47_summits.bed,69693_S47_peaks.filtered.merged.narrowPeak,komal,PDX_komal_peaks
71208_S29,71208,PDX,TNBC,71208_S29_summits.bed,71208_S29_peaks.filtered.merged.narrowPeak,komal,PDX_komal_peaks
71732_S43,71732,PDX,TNBC,71732_S43_summits.bed,71732_S43_peaks.filtered.merged.narrowPeak,komal,PDX_komal_peaks
72955_S39,72955,PDX,TPBC,72955_S39_summits.bed,72955_S39_peaks.filtered.merged.narrowPeak,komal,PDX_komal_peaks
73062_S28,73062 (komal),PDX,TNBC,73062_S28_summits.bed,73062_S28_peaks.filtered.merged.narrowPeak,komal,PDX_komal_peaks
87654_S19,87654,PDX,ER,87654_S19_summits.bed,87654_S19_peaks.filtered.merged.narrowPeak,komal,PDX_komal_peaks
REF001_S35,REF001 (komal),PDX,TNBC,REF001_S35_summits.bed,REF001_S35_peaks.filtered.merged.narrowPeak,komal,PDX_komal_peaks
REF003_S31,REF003 (komal),PDX,TNBC,REF003_S31_summits.bed,REF003_S31_peaks.filtered.merged.narrowPeak,komal,PDX_komal_peaks
REF005_S40,REF005,PDX,TNBC,REF005_S40_summits.bed,REF005_S40_peaks.filtered.merged.narrowPeak,komal,PDX_komal_peaks
REF006_S41,REF006 (komal),PDX,TNBC,REF006_S41_summits.bed,REF006_S41_peaks.filtered.merged.narrowPeak,komal,PDX_komal_peaks
REF010_S25,REF010,PDX,TNBC,REF010_S25_summits.bed,REF010_S25_peaks.filtered.merged.narrowPeak,komal,PDX_komal_peaks
REF014_S50,REF014,PDX,HER2,REF014_S50_summits.bed,REF014_S50_peaks.filtered.merged.narrowPeak,komal,PDX_komal_peaks
REF020_S32,REF020,PDX,TNBC,REF020_S32_summits.bed,REF020_S32_peaks.filtered.merged.narrowPeak,komal,PDX_komal_peaks
REF022_S24,REF022,PDX,TNBC,REF022_S24_summits.bed,REF022_S24_peaks.filtered.merged.narrowPeak,komal,PDX_komal_peaks
REF025_S23,REF025,PDX,TNBC,REF025_S23_summits.bed,REF025_S23_peaks.filtered.merged.narrowPeak,komal,PDX_komal_peaks
REF035_S12,REF035,PDX,TNBC,REF035_S12_summits.bed,REF035_S12_peaks.filtered.merged.narrowPeak,komal,PDX_komal_peaks
REF041_S18,REF041,PDX,TNBC,REF041_S18_summits.bed,REF041_S18_peaks.filtered.merged.narrowPeak,komal,PDX_komal_peaks
REF048_S16,REF048,PDX,TNBC,REF048_S16_summits.bed,REF048_S16_peaks.filtered.merged.narrowPeak,komal,PDX_komal_peaks
REF062_S21,REF062,PDX,unknown,REF062_S21_summits.bed,REF062_S21_peaks.filtered.merged.narrowPeak,komal,PDX_komal_peaks
REF063_S13,REF063,PDX,unknown,REF063_S13_summits.bed,REF063_S13_peaks.filtered.merged.narrowPeak,komal,PDX_komal_peaks
47904P3_S9,47904 (nergiz),PDX,TNBC,47904P3_S9_summits.bed,47904P3_S9_peaks.filtered.merged.narrowPeak,nergiz,PDX_nergiz_peaks
48602P3_S15,48602 (nergiz),PDX,TNBC,48602P3_S15_summits.bed,48602P3_S15_peaks.filtered.merged.narrowPeak,nergiz,PDX_nergiz_peaks
73263P6_S4,73263,PDX,TNBC,73263P6_S4_summits.bed,73263P6_S4_peaks.filtered.merged.narrowPeak,nergiz,PDX_nergiz_peaks
N10PM9_S2,NOTCH10,PDX,TNBC,N10PM9_S2_summits.bed,N10PM9_S2_peaks.filtered.merged.narrowPeak,nergiz,PDX_nergiz_peaks
N18PM_5_TAAGGCGA,NOTCH18,PDX,TNBC,N18PM_5_TAAGGCGA_summits.bed,N18PM_5_TAAGGCGA_peaks.filtered.merged.narrowPeak,nergiz,PDX_nergiz_peaks
N1P4_S10,NOTCH01P4,PDX,TNBC,N1P4_S10_summits.bed,N1P4_S10_peaks.filtered.merged.narrowPeak,nergiz,PDX_nergiz_peaks
N1P6_TCCTGAGC,NOTCH01P6,PDX,TNBC,N1P6_TCCTGAGC_summits.bed,N1P6_TCCTGAGC_peaks.filtered.merged.narrowPeak,nergiz,PDX_nergiz_peaks
N6PM_5_S5,NOTCH06,PDX,TNBC,N6PM_5_S5_summits.bed,N6PM_5_S5_peaks.filtered.merged.narrowPeak,nergiz,PDX_nergiz_peaks
NB1P3_S9,NOTCHB01,PDX,TNBC,NB1P3_S9_summits.bed,NB1P3_S9_peaks.filtered.merged.narrowPeak,nergiz,PDX_nergiz_peaks
NB2P6_S10,NOTCHB02,PDX,TNBC,NB2P6_S10_summits.bed,NB2P6_S10_peaks.filtered.merged.narrowPeak,nergiz,PDX_nergiz_peaks
REF003BLP1_S40,REF003 (nergiz),PDX,TNBC,REF003BLP1_S40_summits.bed,REF003BLP1_S40_peaks.filtered.merged.narrowPeak,nergiz,PDX_nergiz_peaks
REF009BLP1_S41,REF009,PDX,TNBC,REF009BLP1_S41_summits.bed,REF009BLP1_S41_peaks.filtered.merged.narrowPeak,nergiz,PDX_nergiz_peaks
REF16BLP1_S3,REF016,PDX,TNBC,REF16BLP1_S3_summits.bed,REF16BLP1_S3_peaks.filtered.merged.narrowPeak,nergiz,PDX_nergiz_peaks
REF1BLP3_S59,REF001 (nergiz),PDX,TNBC,REF1BLP3_S59_summits.bed,REF1BLP3_S59_peaks.filtered.merged.narrowPeak,nergiz,PDX_nergiz_peaks
REF2BLP2_S4,REF002,PDX,TNBC,REF2BLP2_S4_summits.bed,REF2BLP2_S4_peaks.filtered.merged.narrowPeak,nergiz,PDX_nergiz_peaks
REF6BLP1_S1,REF006 (nergiz),PDX,TNBC,REF6BLP1_S1_summits.bed,REF6BLP1_S1_peaks.filtered.merged.narrowPeak,nergiz,PDX_nergiz_peaks
REF7BLP2_S8,REF007,PDX,TNBC,REF7BLP2_S8_summits.bed,REF7BLP2_S8_peaks.filtered.merged.narrowPeak,nergiz,PDX_nergiz_peaks
108099P1_S11,108099,PDX,TNBC,108099P1_S11_summits.bed,108099P1_S11_peaks.filtered.merged.narrowPeak,tina,PDX_tina_peaks
16720_S17,16720,PDX,unknown,16720_S17_summits.bed,16720_S17_peaks.filtered.merged.narrowPeak,tina,PDX_tina_peaks
18674_P1_S2,18674 (tina),PDX,TNBC,18674_P1_S2_summits.bed,18674_P1_S2_peaks.filtered.merged.narrowPeak,tina,PDX_tina_peaks
38807_P1_S24,38807,PDX,ER,38807_P1_S24_summits.bed,38807_P1_S24_peaks.filtered.merged.narrowPeak,tina,PDX_tina_peaks
44441_P2_S3,44441 (tina),PDX,TPBC,44441_P2_S3_summits.bed,44441_P2_S3_peaks.filtered.merged.narrowPeak,tina,PDX_tina_peaks
46962_P1_S1,46962 (tina),PDX,HER2,46962_P1_S1_summits.bed,46962_P1_S1_peaks.filtered.merged.narrowPeak,tina,PDX_tina_peaks
48041_P_S22,48041,PDX,TPBC,48041_P_S22_summits.bed,48041_P_S22_peaks.filtered.merged.narrowPeak,tina,PDX_tina_peaks
48342_P1_S4,48342 (tina),PDX,TNBC,48342_P1_S4_summits.bed,48342_P1_S4_peaks.filtered.merged.narrowPeak,tina,PDX_tina_peaks
48602_P1_S20,48602 (tina),PDX,TNBC,48602_P1_S20_summits.bed,48602_P1_S20_peaks.filtered.merged.narrowPeak,tina,PDX_tina_peaks
52226_P1_A_S7,52226,PDX,ER,52226_P1_A_S7_summits.bed,52226_P1_A_S7_peaks.filtered.merged.narrowPeak,tina,PDX_tina_peaks
53782_P1_S13,53782 (tina),PDX,TNBC,53782_P1_S13_summits.bed,53782_P1_S13_peaks.filtered.merged.narrowPeak,tina,PDX_tina_peaks
66684_P1_S6,66684 (tina),PDX,ER,66684_P1_S6_summits.bed,66684_P1_S6_peaks.filtered.merged.narrowPeak,tina,PDX_tina_peaks
68941_P1_S5,68941 (tina),PDX,TNBC,68941_P1_S5_summits.bed,68941_P1_S5_peaks.filtered.merged.narrowPeak,tina,PDX_tina_peaks
69196_P2_S27,69196 (tina),PDX,HER2,69196_P2_S27_summits.bed,69196_P2_S27_peaks.filtered.merged.narrowPeak,tina,PDX_tina_peaks
70420_P2_S19,70420,PDX,unknown,70420_P2_S19_summits.bed,70420_P2_S19_peaks.filtered.merged.narrowPeak,tina,PDX_tina_peaks
72825_P1_S23,72825,PDX,HER2,72825_P1_S23_summits.bed,72825_P1_S23_peaks.filtered.merged.narrowPeak,tina,PDX_tina_peaks
72877_P1_S25,72877,PDX,HER2,72877_P1_S25_summits.bed,72877_P1_S25_peaks.filtered.merged.narrowPeak,tina,PDX_tina_peaks
73062_P1_S21,73062 (tina),PDX,TNBC,73062_P1_S21_summits.bed,73062_P1_S21_peaks.filtered.merged.narrowPeak,tina,PDX_tina_peaks
73230_P1_S26,73230,PDX,TNBC,73230_P1_S26_summits.bed,73230_P1_S26_peaks.filtered.merged.narrowPeak,tina,PDX_tina_peaks
73720_P1_S23,73720,PDX,unknown,73720_P1_S23_summits.bed,73720_P1_S23_peaks.filtered.merged.narrowPeak,tina,PDX_tina_peaks
INS_B014_P1_S21,INSB014,PDX,TNBC,INS_B014_P1_S21_summits.bed,INS_B014_P1_S21_peaks.filtered.merged.narrowPeak,tina,PDX_tina_peaks
INS_B019_P1_S22,INSB019,PDX,TNBC,INS_B019_P1_S22_summits.bed,INS_B019_P1_S22_peaks.filtered.merged.narrowPeak,tina,PDX_tina_peaks
REF_S_038_P1_A_S11,REFS038,PDX,TNBC,REF_S_038_P1_A_S11_summits.bed,REF_S_038_P1_A_S11_peaks.filtered.merged.narrowPeak,tina,PDX_tina_peaks
REF019_S10,REF019,PDX,TNBC,REF019_S10_summits.bed,REF019_S10_peaks.filtered.merged.narrowPeak,tina,PDX_tina_peaks
REF023_S21,REF023,PDX,HER2,REF023_S21_summits.bed,REF023_S21_peaks.filtered.merged.narrowPeak,tina,PDX_tina_peaks
REF024_S17,REF024,PDX,TNBC,REF024_S17_summits.bed,REF024_S17_peaks.filtered.merged.narrowPeak,tina,PDX_tina_peaks
REF032_S18,REFS032,PDX,ER,REF032_S18_summits.bed,REF032_S18_peaks.filtered.merged.narrowPeak,tina,PDX_tina_peaks
REF042_S18,REF042,PDX,unknown,REF042_S18_summits.bed,REF042_S18_peaks.filtered.merged.narrowPeak,tina,PDX_tina_peaks
REF044_S19,REF044,PDX,TNBC,REF044_S19_summits.bed,REF044_S19_peaks.filtered.merged.narrowPeak,tina,PDX_tina_peaks
REF047_S26,REF047,PDX,TNBC,REF047_S26_summits.bed,REF047_S26_peaks.filtered.merged.narrowPeak,tina,PDX_tina_peaks
REFS034P1_S23,REFS034,PDX,unknown,REFS034P1_S23_summits.bed,REFS034P1_S23_peaks.filtered.merged.narrowPeak,tina,PDX_tina_peaks
REFS036P1A_S22,REFS036,PDX,ER,REFS036P1A_S22_summits.bed,REFS036P1A_S22_peaks.filtered.merged.narrowPeak,tina,PDX_tina_peaks
